model,t_abs,L,rank,lambda_exact,lambda_fv_fine,lambda_fem_fine,kx,ky,multiplicity
kk_interval_neumann,0.1,12.0,1,0.06853891945200942,0.06853874954532557,0.06853908935894534,1,0,1
kk_interval_neumann,0.1,12.0,2,0.2741556778080377,0.27415295930995853,0.2741583963278747,2,0,1
kk_interval_neumann,0.1,12.0,3,0.6168502750680849,0.6168365127392121,0.6168640376424105,3,0,1
kk_interval_neumann,0.1,12.0,4,1.0966227112321507,1.0965792157787178,1.0966662080653506,4,0,1
kk_interval_neumann,0.1,12.0,5,1.713472986300236,1.7133667971762634,1.713579180688454,5,0,1
kk_interval_neumann,0.1,12.0,6,2.4674011002723395,2.4671809089069257,2.467621307357441,6,0,1
kk_interval_neumann,0.1,12.0,7,3.3584070531484618,3.357999126718937,3.358815019217587,7,0,1
kk_interval_neumann,0.1,12.0,8,4.386490844928603,4.385794950799266,4.387186827378818,8,0,1
kk_interval_neumann,0.1,12.0,9,5.551652475612764,5.550537806565558,5.552767323706855,9,0,1
kk_interval_neumann,0.1,12.0,10,6.853891945200944,6.852193045571653,6.855591181727521,10,0,1
kk_interval_neumann,0.1,12.0,11,8.29320925369314,8.290721946540486,8.29569715765788,11,0,1
kk_interval_neumann,0.1,12.0,12,9.869604401089358,9.866081716515168,9.873128091554873,12,0,1
kk_interval_neumann,0.1,12.0,13,9.869604401089358,9.866081716515168,9.873128091554873,0,1,1
kk_interval_neumann,0.1,12.0,14,9.938143320541368,9.934620466060494,9.941667180913818,1,1,1
kk_interval_neumann,0.1,12.0,15,10.143760078897396,10.140234675825127,10.147286487882749,2,1,1
kk_interval_neumann,0.1,12.0,16,10.486454676157443,10.48291822925438,10.489992129197283,3,1,1
kk_interval_neumann,0.1,12.0,17,10.966227112321508,10.962660932293886,10.969794299620224,4,1,1
kk_interval_neumann,0.1,12.0,18,11.583077387389594,11.578225492132844,11.586707272243327,5,1,1
kk_interval_neumann,0.1,12.0,19,11.583077387389595,11.579448513691432,11.587930908585887,13,0,1
kk_interval_neumann,0.1,12.0,20,12.337005501361698,12.333262625422094,12.340749398912315,6,1,1
kk_interval_neumann,0.1,12.0,21,13.22801145423782,13.224080843234105,13.23194311077246,7,1,1
kk_interval_neumann,0.1,12.0,22,13.433628212593847,13.427102341017758,13.440156620417474,14,0,1
kk_interval_neumann,0.1,12.0,23,14.25609524601796,14.251876667314434,14.260314918933691,8,1,1
kk_interval_neumann,0.1,12.0,24,15.421256876702119,15.412657263297092,15.425895415261728,15,0,1
kk_interval_neumann,0.1,12.0,25,15.421256876702122,15.416619523080726,15.42986032672565,9,1,1
kk_interval_neumann,0.1,12.0,26,16.723496346290304,16.71827476208682,16.728719273282394,10,1,1
kk_interval_neumann,0.1,12.0,27,17.54596337971441,17.534831193236528,17.557101216824464,16,0,1
kk_interval_neumann,0.1,12.0,28,18.162813654782497,18.156803663055655,18.16882524921275,11,1,1
kk_interval_neumann,0.1,12.0,29,19.739208802178716,19.732163433030337,19.746256183109747,12,1,1
kk_interval_neumann,0.1,12.0,30,19.80774772163073,19.793561000998068,19.82194257141514,17,0,1
kk_interval_neumann,0.01,18.0,1,0.030461741978670857,0.03046170841662388,0.03046177554030186,1,0,1
kk_interval_neumann,0.01,18.0,2,0.12184696791468343,0.12184643092638225,0.12184750490522991,2,0,1
kk_interval_neumann,0.01,18.0,3,0.2741556778080377,0.27415295930995853,0.2741583963278747,3,0,1
kk_interval_neumann,0.01,18.0,4,0.4873878716587337,0.4873792798887848,0.48739646355034627,4,0,1
kk_interval_neumann,0.01,18.0,5,0.7615435494667715,0.7615225735485751,0.7615645258473054,5,0,1
kk_interval_neumann,0.01,18.0,6,1.0966227112321507,1.0965792157787178,1.0966662080653506,6,0,1
kk_interval_neumann,0.01,18.0,7,1.492625356954872,1.4925447767193418,1.4927059406700744,7,0,1
kk_interval_neumann,0.01,18.0,8,1.9495514866349348,1.9494140212196385,1.949688959804365,8,0,1
kk_interval_neumann,0.01,18.0,9,2.4674011002723395,2.4671809089069257,2.467621307357441,9,0,1
kk_interval_neumann,0.01,18.0,10,3.046174197867086,3.045838594267991,3.046509831046146,10,0,1
kk_interval_neumann,0.01,18.0,11,3.685870779419173,3.685379426737086,3.6863621845028756,11,0,1
kk_interval_neumann,0.01,18.0,12,4.386490844928603,4.385794950799266,4.387186827378818,12,0,1
kk_interval_neumann,0.01,18.0,13,5.148034394395375,5.14707590610243,5.148993025455874,13,0,1
kk_interval_neumann,0.01,18.0,14,5.970501427819488,5.969212227577032,5.97179085076619,14,0,1
kk_interval_neumann,0.01,18.0,15,6.8538919452009415,6.852193045571653,6.855591181727521,15,0,1
kk_interval_neumann,0.01,18.0,16,7.798205946539739,7.796006685996247,7.800405703286199,16,0,1
kk_interval_neumann,0.01,18.0,17,8.803443431835879,8.800640670475616,8.80624690707028,17,0,1
kk_interval_neumann,0.01,18.0,18,9.869604401089358,9.866081716515168,9.873128091554873,18,0,1
kk_interval_neumann,0.01,18.0,19,9.869604401089358,9.866081716515168,9.873128091554873,0,1,1
kk_interval_neumann,0.01,18.0,20,9.90006614306803,9.896543424931792,9.903589867095175,1,1,1
kk_interval_neumann,0.01,18.0,21,9.991451369004041,9.98792814744155,9.994975596460103,2,1,1
kk_interval_neumann,0.01,18.0,22,10.143760078897396,10.140234675825127,10.147286487882749,3,1,1
kk_interval_neumann,0.01,18.0,23,10.356992272748093,10.353460996403953,10.36052455510522,4,1,1
kk_interval_neumann,0.01,18.0,24,10.63114795055613,10.627604290063744,10.634692617402179,5,1,1
kk_interval_neumann,0.01,18.0,25,10.966227112321508,10.962660932293886,10.969794299620224,6,1,1
kk_interval_neumann,0.01,18.0,26,10.996688854300178,10.992315737676392,11.001063362237149,19,0,1
kk_interval_neumann,0.01,18.0,27,11.36222975804423,11.35862649323451,11.365834032224948,7,1,1
kk_interval_neumann,0.01,18.0,28,11.819155887724293,11.815495737734807,11.822817051359237,8,1,1
kk_interval_neumann,0.01,18.0,29,12.184696791468344,12.179327843763076,12.19006763182193,20,0,1
kk_interval_neumann,0.01,18.0,30,12.337005501361698,12.333262625422094,12.340749398912315,9,1,1
kk_interval_neumann,0.001,24.0,1,0.017134729863002355,0.01713471924398391,0.017134740482335147,1,0,1
kk_interval_neumann,0.001,24.0,2,0.06853891945200942,0.06853874954532557,0.06853908935894534,2,0,1
kk_interval_neumann,0.001,24.0,3,0.15421256876702122,0.15421170861577593,0.154213428922226,3,0,1
kk_interval_neumann,0.001,24.0,4,0.2741556778080377,0.27415295930995853,0.2741583963278747,4,0,1
kk_interval_neumann,0.001,24.0,5,0.428368246575059,0.4283616096315086,0.4283748836010301,5,0,1
kk_interval_neumann,0.001,24.0,6,0.6168502750680849,0.6168365127392121,0.6168640376424105,6,0,1
kk_interval_neumann,0.001,24.0,7,0.8396017632871154,0.8395762669562146,0.8396272602375213,7,0,1
kk_interval_neumann,0.001,24.0,8,1.0966227112321507,1.0965792157787178,1.0966662080653506,8,0,1
kk_interval_neumann,0.001,24.0,9,1.387913118903191,1.3878434478908162,1.3879827927132014,9,0,1
kk_interval_neumann,0.001,24.0,10,1.713472986300236,1.7133667971762634,1.713579180688454,10,0,1
kk_interval_neumann,0.001,24.0,11,2.073302313423285,2.073146842736378,2.0734577934364657,11,0,1
kk_interval_neumann,0.001,24.0,12,2.4674011002723395,2.4671809089069257,2.467621307357441,12,0,1
kk_interval_neumann,0.001,24.0,13,2.895769346847399,2.8954660652785833,2.896072653826886,13,0,1
kk_interval_neumann,0.001,24.0,14,3.3584070531484618,3.357999126718937,3.358815019217587,14,0,1
kk_interval_neumann,0.001,24.0,15,3.8553142191755296,3.854776653394481,3.85585184492159,15,0,1
kk_interval_neumann,0.001,24.0,16,4.386490844928603,4.385794950799266,4.387186827378818,16,0,1
kk_interval_neumann,0.001,24.0,17,4.951936930407682,4.951050069779967,4.952823918102112,17,0,1
kk_interval_neumann,0.001,24.0,18,5.551652475612764,5.550537806565558,5.552767323706855,18,0,1
kk_interval_neumann,0.001,24.0,19,6.18563748054385,6.184253702799538,6.187021505943161,19,0,1
kk_interval_neumann,0.001,24.0,20,6.853891945200944,6.852193045571653,6.855591181727521,20,0,1
kk_interval_neumann,0.001,24.0,21,7.55641586958404,7.55435086745473,7.558481323179586,21,0,1
kk_interval_neumann,0.001,24.0,22,8.29320925369314,8.290721946540486,8.29569715765788,22,0,1
kk_interval_neumann,0.001,24.0,23,9.064272097528246,9.061300806477902,9.067244167798085,23,0,1
kk_interval_neumann,0.001,24.0,24,9.869604401089358,9.866081716515168,9.873128091554873,24,0,1
kk_interval_neumann,0.001,24.0,25,9.869604401089358,9.866081716515168,9.873128091554873,0,1,1
kk_interval_neumann,0.001,24.0,26,9.88673913095236,9.883216435759152,9.890262832037209,1,1,1
kk_interval_neumann,0.001,24.0,27,9.938143320541368,9.934620466060494,9.941667180913818,2,1,1
kk_interval_neumann,0.001,24.0,28,10.023816969856378,10.020293425130944,10.0273415204771,3,1,1
kk_interval_neumann,0.001,24.0,29,10.143760078897396,10.140234675825127,10.147286487882749,4,1,1
kk_interval_neumann,0.001,24.0,30,10.297972647664418,10.294443326146677,10.301502975155904,5,1,1
kk_interval_neumann,0.0001,30.0,1,0.010966227112321508,0.010966222762760935,0.010966231461989603,1,0,1
kk_interval_neumann,0.0001,30.0,2,0.04386490844928603,0.04386483885548387,0.04386497804314252,2,0,1
kk_interval_neumann,0.0001,30.0,3,0.09869604401089357,0.09869569169251236,0.09869639633003431,3,0,1
kk_interval_neumann,0.0001,30.0,4,0.17545963379714413,0.17545852029860498,0.17546074730114347,4,0,1
kk_interval_neumann,0.0001,30.0,5,0.2741556778080377,0.27415295930995853,0.2741583963278747,5,0,1
kk_interval_neumann,0.0001,30.0,6,0.3947841760435743,0.3947785389757428,0.3947898131760935,6,0,1
kk_interval_neumann,0.0001,30.0,7,0.5373451285037539,0.53733468516117,0.5373555720091956,7,0,1
kk_interval_neumann,0.0001,30.0,8,0.7018385351885765,0.7018207193490298,0.7018563513896413,8,0,1
kk_interval_neumann,0.0001,30.0,9,0.8882643960980422,0.8882358586453165,0.8882929342845824,9,0,1
kk_interval_neumann,0.0001,30.0,10,1.0966227112321507,1.0965792157787178,1.0966662080653506,10,0,1
kk_interval_neumann,0.0001,30.0,11,1.3269134805909022,1.326849799109823,1.3269771645166635,11,0,1
kk_interval_neumann,0.0001,30.0,12,1.5791367041742972,1.5790465126321465,1.5792268998376473,12,0,1
kk_interval_neumann,0.0001,30.0,13,1.8532923819823355,1.853168155978267,1.8534166146479736,13,0,1
kk_interval_neumann,0.0001,30.0,14,2.1493805140150157,2.149213424426989,2.149547613995019,14,0,1
kk_interval_neumann,0.0001,30.0,15,2.4674011002723386,2.4671809089069257,2.467621307357441,15,0,1
kk_interval_neumann,0.0001,30.0,16,2.807354140754306,2.807069096006728,2.8076392086554085,16,0,1
kk_interval_neumann,0.0001,30.0,17,3.1692396354609165,3.168876367978669,3.169602936254173,17,0,1
kk_interval_neumann,0.0001,30.0,18,3.553057584392169,3.5526010027488724,3.553514212974299,18,0,1
kk_interval_neumann,0.0001,30.0,19,3.9588079875480644,3.9582411739234544,3.9593748660977877,19,0,1
kk_interval_neumann,0.0001,30.0,20,4.386490844928603,4.385794950799266,4.387186827378818,20,0,1
kk_interval_neumann,0.0001,30.0,21,4.836106156533785,4.835260298372589,4.836952133052426,21,0,1
kk_interval_neumann,0.0001,30.0,22,5.307653922363609,5.306635077347323,5.308672923842682,22,0,1
kk_interval_neumann,0.0001,30.0,23,5.801134142418078,5.799917044146753,5.802351444974432,23,0,1
kk_interval_neumann,0.0001,30.0,24,6.316546816697189,6.3151038509237765,6.3179900461835246,24,0,1
kk_interval_neumann,0.0001,30.0,25,6.853891945200944,6.852193045571653,6.855591181727521,25,0,1
kk_interval_neumann,0.0001,30.0,26,7.413169527929342,7.411182071736789,7.415157410398468,26,0,1
kk_interval_neumann,0.0001,30.0,27,7.994379564882379,7.992068268828973,7.996691395533101,27,0,1
kk_interval_neumann,0.0001,30.0,28,8.597522056060063,8.594848872037232,8.600195905028672,28,0,1
kk_interval_neumann,0.0001,30.0,29,9.222597001462391,9.21952101233802,9.225673811351093,29,0,1
kk_interval_neumann,0.0001,30.0,30,9.869604401089354,9.866081716515168,9.873128091554873,30,0,1
kk_interval_neumann,1e-05,36.0,1,0.007615435494667714,0.007615433397234028,0.007615437592463903,1,0,1
kk_interval_neumann,1e-05,36.0,2,0.030461741978670857,0.03046170841662388,0.03046177554030186,2,0,1
kk_interval_neumann,1e-05,36.0,3,0.06853891945200942,0.06853874954532557,0.06853908935894534,3,0,1
kk_interval_neumann,1e-05,36.0,4,0.12184696791468343,0.12184643092638225,0.12184750490522991,4,0,1
kk_interval_neumann,1e-05,36.0,5,0.19038588736669287,0.19038457636077055,0.1903871983794416,5,0,1
kk_interval_neumann,1e-05,36.0,6,0.2741556778080377,0.27415295930995853,0.2741583963278747,6,0,1
kk_interval_neumann,1e-05,36.0,7,0.373156339238718,0.37315130289232457,0.3731613756392509,7,0,1
kk_interval_neumann,1e-05,36.0,8,0.4873878716587337,0.4873792798887848,0.48739646355034627,8,0,1
kk_interval_neumann,1e-05,36.0,9,0.6168502750680849,0.6168365127392121,0.6168640376424105,9,0,1
kk_interval_neumann,1e-05,36.0,10,0.7615435494667715,0.7615225735485751,0.7615645258473054,10,0,1
kk_interval_neumann,1e-05,36.0,11,0.9214676948547933,0.9214369840838685,0.921498406444435,11,0,1
kk_interval_neumann,1e-05,36.0,12,1.0966227112321507,1.0965792157787178,1.0966662080653506,12,0,1
kk_interval_neumann,1e-05,36.0,13,1.2870085985988438,1.2869486897338902,1.2870685096942598,13,0,1
kk_interval_neumann,1e-05,36.0,14,1.492625356954872,1.4925447767193418,1.4927059406700744,14,0,1
kk_interval_neumann,1e-05,36.0,15,1.7134729863002354,1.7133667971762634,1.713579180688454,15,0,1
kk_interval_neumann,1e-05,36.0,16,1.9495514866349348,1.9494140212196385,1.949688959804365,16,0,1
kk_interval_neumann,1e-05,36.0,17,2.2008608579589697,2.20068566864029,2.2010360584341235,17,0,1
kk_interval_neumann,1e-05,36.0,18,2.4674011002723395,2.4671809089069257,2.467621307357441,18,0,1
kk_interval_neumann,1e-05,36.0,19,2.7491722135750445,2.7488988611712557,2.749445587722539,19,0,1
kk_interval_neumann,1e-05,36.0,20,3.046174197867086,3.045838594267991,3.046509831046146,20,0,1
kk_interval_neumann,1e-05,36.0,21,3.3584070531484627,3.357999126718937,3.358815019217587,21,0,1
kk_interval_neumann,1e-05,36.0,22,3.685870779419173,3.685379426737086,3.6863621845028756,22,0,1
kk_interval_neumann,1e-05,36.0,23,4.028565376679221,4.027978412229174,4.029152409547262,23,0,1
kk_interval_neumann,1e-05,36.0,24,4.386490844928603,4.385794950799266,4.387186827378818,24,0,1
kk_interval_neumann,1e-05,36.0,25,4.7596471841673225,4.758827859753865,4.760466621413545,25,0,1
kk_interval_neumann,1e-05,36.0,26,5.148034394395375,5.14707590610243,5.148993025455874,26,0,1
kk_interval_neumann,1e-05,36.0,27,5.551652475612764,5.550537806565558,5.552767323706855,27,0,1
kk_interval_neumann,1e-05,36.0,28,5.970501427819488,5.969212227577032,5.97179085076619,28,0,1
kk_interval_neumann,1e-05,36.0,29,6.404581251015549,6.4030977852874,6.406064991635806,29,0,1
kk_interval_neumann,1e-05,36.0,30,6.8538919452009415,6.852193045571653,6.855591181727521,30,0,1
kk_interval_dirichlet,0.1,12.0,1,0.06853891945200942,0.06853874954532557,0.06853908935894534,1,0,1
kk_interval_dirichlet,0.1,12.0,2,0.2741556778080377,0.27415295930995853,0.2741583963278747,2,0,1
kk_interval_dirichlet,0.1,12.0,3,0.6168502750680849,0.6168365127392121,0.6168640376424105,3,0,1
kk_interval_dirichlet,0.1,12.0,4,1.0966227112321507,1.0965792157787178,1.0966662080653506,4,0,1
kk_interval_dirichlet,0.1,12.0,5,1.713472986300236,1.7133667971762634,1.713579180688454,5,0,1
kk_interval_dirichlet,0.1,12.0,6,2.4674011002723395,2.4671809089069257,2.467621307357441,6,0,1
kk_interval_dirichlet,0.1,12.0,7,3.3584070531484618,3.357999126718937,3.358815019217587,7,0,1
kk_interval_dirichlet,0.1,12.0,8,4.386490844928603,4.385794950799266,4.387186827378818,8,0,1
kk_interval_dirichlet,0.1,12.0,9,5.551652475612764,5.550537806565558,5.552767323706855,9,0,1
kk_interval_dirichlet,0.1,12.0,10,6.853891945200944,6.852193045571653,6.855591181727521,10,0,1
kk_interval_dirichlet,0.1,12.0,11,8.29320925369314,8.290721946540486,8.29569715765788,11,0,1
kk_interval_dirichlet,0.1,12.0,12,9.869604401089358,9.866081716515168,9.873128091554873,12,0,1
kk_interval_dirichlet,0.1,12.0,13,9.938143320541368,9.934620466060494,9.941667180913818,1,1,1
kk_interval_dirichlet,0.1,12.0,14,10.143760078897396,10.140234675825127,10.147286487882749,2,1,1
kk_interval_dirichlet,0.1,12.0,15,10.486454676157443,10.48291822925438,10.489992129197283,3,1,1
kk_interval_dirichlet,0.1,12.0,16,10.966227112321508,10.962660932293886,10.969794299620224,4,1,1
kk_interval_dirichlet,0.1,12.0,17,11.583077387389594,11.578225492132844,11.586707272243327,5,1,1
kk_interval_dirichlet,0.1,12.0,18,11.583077387389595,11.579448513691432,11.587930908585887,13,0,1
kk_interval_dirichlet,0.1,12.0,19,12.337005501361698,12.333262625422094,12.340749398912315,6,1,1
kk_interval_dirichlet,0.1,12.0,20,13.22801145423782,13.224080843234105,13.23194311077246,7,1,1
kk_interval_dirichlet,0.1,12.0,21,13.433628212593847,13.427102341017758,13.440156620417474,14,0,1
kk_interval_dirichlet,0.1,12.0,22,14.25609524601796,14.251876667314434,14.260314918933691,8,1,1
kk_interval_dirichlet,0.1,12.0,23,15.421256876702119,15.412657263297092,15.425895415261728,15,0,1
kk_interval_dirichlet,0.1,12.0,24,15.421256876702122,15.416619523080726,15.42986032672565,9,1,1
kk_interval_dirichlet,0.1,12.0,25,16.723496346290304,16.71827476208682,16.728719273282394,10,1,1
kk_interval_dirichlet,0.1,12.0,26,17.54596337971441,17.534831193236528,17.557101216824464,16,0,1
kk_interval_dirichlet,0.1,12.0,27,18.162813654782497,18.156803663055655,18.16882524921275,11,1,1
kk_interval_dirichlet,0.1,12.0,28,19.739208802178716,19.732163433030337,19.746256183109747,12,1,1
kk_interval_dirichlet,0.1,12.0,29,19.80774772163073,19.793561000998068,19.82194257141514,17,0,1
kk_interval_dirichlet,0.1,12.0,30,21.452681788478955,21.444307208648013,21.46105900014076,13,1,1
kk_interval_dirichlet,0.01,18.0,1,0.030461741978670857,0.03046170841662388,0.03046177554030186,1,0,1
kk_interval_dirichlet,0.01,18.0,2,0.12184696791468343,0.12184643092638225,0.12184750490522991,2,0,1
kk_interval_dirichlet,0.01,18.0,3,0.2741556778080377,0.27415295930995853,0.2741583963278747,3,0,1
kk_interval_dirichlet,0.01,18.0,4,0.4873878716587337,0.4873792798887848,0.48739646355034627,4,0,1
kk_interval_dirichlet,0.01,18.0,5,0.7615435494667715,0.7615225735485751,0.7615645258473054,5,0,1
kk_interval_dirichlet,0.01,18.0,6,1.0966227112321507,1.0965792157787178,1.0966662080653506,6,0,1
kk_interval_dirichlet,0.01,18.0,7,1.492625356954872,1.4925447767193418,1.4927059406700744,7,0,1
kk_interval_dirichlet,0.01,18.0,8,1.9495514866349348,1.9494140212196385,1.949688959804365,8,0,1
kk_interval_dirichlet,0.01,18.0,9,2.4674011002723395,2.4671809089069257,2.467621307357441,9,0,1
kk_interval_dirichlet,0.01,18.0,10,3.046174197867086,3.045838594267991,3.046509831046146,10,0,1
kk_interval_dirichlet,0.01,18.0,11,3.685870779419173,3.685379426737086,3.6863621845028756,11,0,1
kk_interval_dirichlet,0.01,18.0,12,4.386490844928603,4.385794950799266,4.387186827378818,12,0,1
kk_interval_dirichlet,0.01,18.0,13,5.148034394395375,5.14707590610243,5.148993025455874,13,0,1
kk_interval_dirichlet,0.01,18.0,14,5.970501427819488,5.969212227577032,5.97179085076619,14,0,1
kk_interval_dirichlet,0.01,18.0,15,6.8538919452009415,6.852193045571653,6.855591181727521,15,0,1
kk_interval_dirichlet,0.01,18.0,16,7.798205946539739,7.796006685996247,7.800405703286199,16,0,1
kk_interval_dirichlet,0.01,18.0,17,8.803443431835879,8.800640670475616,8.80624690707028,17,0,1
kk_interval_dirichlet,0.01,18.0,18,9.869604401089358,9.866081716515168,9.873128091554873,18,0,1
kk_interval_dirichlet,0.01,18.0,19,9.90006614306803,9.896543424931792,9.903589867095175,1,1,1
kk_interval_dirichlet,0.01,18.0,20,9.991451369004041,9.98792814744155,9.994975596460103,2,1,1
kk_interval_dirichlet,0.01,18.0,21,10.143760078897396,10.140234675825127,10.147286487882749,3,1,1
kk_interval_dirichlet,0.01,18.0,22,10.356992272748093,10.353460996403953,10.36052455510522,4,1,1
kk_interval_dirichlet,0.01,18.0,23,10.63114795055613,10.627604290063744,10.634692617402179,5,1,1
kk_interval_dirichlet,0.01,18.0,24,10.966227112321508,10.962660932293886,10.969794299620224,6,1,1
kk_interval_dirichlet,0.01,18.0,25,10.996688854300178,10.992315737676392,11.001063362237149,19,0,1
kk_interval_dirichlet,0.01,18.0,26,11.36222975804423,11.35862649323451,11.365834032224948,7,1,1
kk_interval_dirichlet,0.01,18.0,27,11.819155887724293,11.815495737734807,11.822817051359237,8,1,1
kk_interval_dirichlet,0.01,18.0,28,12.184696791468344,12.179327843763076,12.19006763182193,20,0,1
kk_interval_dirichlet,0.01,18.0,29,12.337005501361698,12.333262625422094,12.340749398912315,9,1,1
kk_interval_dirichlet,0.01,18.0,30,12.915778598956443,12.91192031078316,12.91963792260102,10,1,1
kk_interval_dirichlet,0.001,24.0,1,0.017134729863002355,0.01713471924398391,0.017134740482335147,1,0,1
kk_interval_dirichlet,0.001,24.0,2,0.06853891945200942,0.06853874954532557,0.06853908935894534,2,0,1
kk_interval_dirichlet,0.001,24.0,3,0.15421256876702122,0.15421170861577593,0.154213428922226,3,0,1
kk_interval_dirichlet,0.001,24.0,4,0.2741556778080377,0.27415295930995853,0.2741583963278747,4,0,1
kk_interval_dirichlet,0.001,24.0,5,0.428368246575059,0.4283616096315086,0.4283748836010301,5,0,1
kk_interval_dirichlet,0.001,24.0,6,0.6168502750680849,0.6168365127392121,0.6168640376424105,6,0,1
kk_interval_dirichlet,0.001,24.0,7,0.8396017632871154,0.8395762669562146,0.8396272602375213,7,0,1
kk_interval_dirichlet,0.001,24.0,8,1.0966227112321507,1.0965792157787178,1.0966662080653506,8,0,1
kk_interval_dirichlet,0.001,24.0,9,1.387913118903191,1.3878434478908162,1.3879827927132014,9,0,1
kk_interval_dirichlet,0.001,24.0,10,1.713472986300236,1.7133667971762634,1.713579180688454,10,0,1
kk_interval_dirichlet,0.001,24.0,11,2.073302313423285,2.073146842736378,2.0734577934364657,11,0,1
kk_interval_dirichlet,0.001,24.0,12,2.4674011002723395,2.4671809089069257,2.467621307357441,12,0,1
kk_interval_dirichlet,0.001,24.0,13,2.895769346847399,2.8954660652785833,2.896072653826886,13,0,1
kk_interval_dirichlet,0.001,24.0,14,3.3584070531484618,3.357999126718937,3.358815019217587,14,0,1
kk_interval_dirichlet,0.001,24.0,15,3.8553142191755296,3.854776653394481,3.85585184492159,15,0,1
kk_interval_dirichlet,0.001,24.0,16,4.386490844928603,4.385794950799266,4.387186827378818,16,0,1
kk_interval_dirichlet,0.001,24.0,17,4.951936930407682,4.951050069779967,4.952823918102112,17,0,1
kk_interval_dirichlet,0.001,24.0,18,5.551652475612764,5.550537806565558,5.552767323706855,18,0,1
kk_interval_dirichlet,0.001,24.0,19,6.18563748054385,6.184253702799538,6.187021505943161,19,0,1
kk_interval_dirichlet,0.001,24.0,20,6.853891945200944,6.852193045571653,6.855591181727521,20,0,1
kk_interval_dirichlet,0.001,24.0,21,7.55641586958404,7.55435086745473,7.558481323179586,21,0,1
kk_interval_dirichlet,0.001,24.0,22,8.29320925369314,8.290721946540486,8.29569715765788,22,0,1
kk_interval_dirichlet,0.001,24.0,23,9.064272097528246,9.061300806477902,9.067244167798085,23,0,1
kk_interval_dirichlet,0.001,24.0,24,9.869604401089358,9.866081716515168,9.873128091554873,24,0,1
kk_interval_dirichlet,0.001,24.0,25,9.88673913095236,9.883216435759152,9.890262832037209,1,1,1
kk_interval_dirichlet,0.001,24.0,26,9.938143320541368,9.934620466060494,9.941667180913818,2,1,1
kk_interval_dirichlet,0.001,24.0,27,10.023816969856378,10.020293425130944,10.0273415204771,3,1,1
kk_interval_dirichlet,0.001,24.0,28,10.143760078897396,10.140234675825127,10.147286487882749,4,1,1
kk_interval_dirichlet,0.001,24.0,29,10.297972647664418,10.294443326146677,10.301502975155904,5,1,1
kk_interval_dirichlet,0.001,24.0,30,10.486454676157443,10.48291822925438,10.489992129197283,6,1,1
kk_interval_dirichlet,0.0001,30.0,1,0.010966227112321508,0.010966222762760935,0.010966231461989603,1,0,1
kk_interval_dirichlet,0.0001,30.0,2,0.04386490844928603,0.04386483885548387,0.04386497804314252,2,0,1
kk_interval_dirichlet,0.0001,30.0,3,0.09869604401089357,0.09869569169251236,0.09869639633003431,3,0,1
kk_interval_dirichlet,0.0001,30.0,4,0.17545963379714413,0.17545852029860498,0.17546074730114347,4,0,1
kk_interval_dirichlet,0.0001,30.0,5,0.2741556778080377,0.27415295930995853,0.2741583963278747,5,0,1
kk_interval_dirichlet,0.0001,30.0,6,0.3947841760435743,0.3947785389757428,0.3947898131760935,6,0,1
kk_interval_dirichlet,0.0001,30.0,7,0.5373451285037539,0.53733468516117,0.5373555720091956,7,0,1
kk_interval_dirichlet,0.0001,30.0,8,0.7018385351885765,0.7018207193490298,0.7018563513896413,8,0,1
kk_interval_dirichlet,0.0001,30.0,9,0.8882643960980422,0.8882358586453165,0.8882929342845824,9,0,1
kk_interval_dirichlet,0.0001,30.0,10,1.0966227112321507,1.0965792157787178,1.0966662080653506,10,0,1
kk_interval_dirichlet,0.0001,30.0,11,1.3269134805909022,1.326849799109823,1.3269771645166635,11,0,1
kk_interval_dirichlet,0.0001,30.0,12,1.5791367041742972,1.5790465126321465,1.5792268998376473,12,0,1
kk_interval_dirichlet,0.0001,30.0,13,1.8532923819823355,1.853168155978267,1.8534166146479736,13,0,1
kk_interval_dirichlet,0.0001,30.0,14,2.1493805140150157,2.149213424426989,2.149547613995019,14,0,1
kk_interval_dirichlet,0.0001,30.0,15,2.4674011002723386,2.4671809089069257,2.467621307357441,15,0,1
kk_interval_dirichlet,0.0001,30.0,16,2.807354140754306,2.807069096006728,2.8076392086554085,16,0,1
kk_interval_dirichlet,0.0001,30.0,17,3.1692396354609165,3.168876367978669,3.169602936254173,17,0,1
kk_interval_dirichlet,0.0001,30.0,18,3.553057584392169,3.5526010027488724,3.553514212974299,18,0,1
kk_interval_dirichlet,0.0001,30.0,19,3.9588079875480644,3.9582411739234544,3.9593748660977877,19,0,1
kk_interval_dirichlet,0.0001,30.0,20,4.386490844928603,4.385794950799266,4.387186827378818,20,0,1
kk_interval_dirichlet,0.0001,30.0,21,4.836106156533785,4.835260298372589,4.836952133052426,21,0,1
kk_interval_dirichlet,0.0001,30.0,22,5.307653922363609,5.306635077347323,5.308672923842682,22,0,1
kk_interval_dirichlet,0.0001,30.0,23,5.801134142418078,5.799917044146753,5.802351444974432,23,0,1
kk_interval_dirichlet,0.0001,30.0,24,6.316546816697189,6.3151038509237765,6.3179900461835246,24,0,1
kk_interval_dirichlet,0.0001,30.0,25,6.853891945200944,6.852193045571653,6.855591181727521,25,0,1
kk_interval_dirichlet,0.0001,30.0,26,7.413169527929342,7.411182071736789,7.415157410398468,26,0,1
kk_interval_dirichlet,0.0001,30.0,27,7.994379564882379,7.992068268828973,7.996691395533101,27,0,1
kk_interval_dirichlet,0.0001,30.0,28,8.597522056060063,8.594848872037232,8.600195905028672,28,0,1
kk_interval_dirichlet,0.0001,30.0,29,9.222597001462391,9.21952101233802,9.225673811351093,29,0,1
kk_interval_dirichlet,0.0001,30.0,30,9.869604401089354,9.866081716515168,9.873128091554873,30,0,1
kk_interval_dirichlet,1e-05,36.0,1,0.007615435494667714,0.007615433397234028,0.007615437592463903,1,0,1
kk_interval_dirichlet,1e-05,36.0,2,0.030461741978670857,0.03046170841662388,0.03046177554030186,2,0,1
kk_interval_dirichlet,1e-05,36.0,3,0.06853891945200942,0.06853874954532557,0.06853908935894534,3,0,1
kk_interval_dirichlet,1e-05,36.0,4,0.12184696791468343,0.12184643092638225,0.12184750490522991,4,0,1
kk_interval_dirichlet,1e-05,36.0,5,0.19038588736669287,0.19038457636077055,0.1903871983794416,5,0,1
kk_interval_dirichlet,1e-05,36.0,6,0.2741556778080377,0.27415295930995853,0.2741583963278747,6,0,1
kk_interval_dirichlet,1e-05,36.0,7,0.373156339238718,0.37315130289232457,0.3731613756392509,7,0,1
kk_interval_dirichlet,1e-05,36.0,8,0.4873878716587337,0.4873792798887848,0.48739646355034627,8,0,1
kk_interval_dirichlet,1e-05,36.0,9,0.6168502750680849,0.6168365127392121,0.6168640376424105,9,0,1
kk_interval_dirichlet,1e-05,36.0,10,0.7615435494667715,0.7615225735485751,0.7615645258473054,10,0,1
kk_interval_dirichlet,1e-05,36.0,11,0.9214676948547933,0.9214369840838685,0.921498406444435,11,0,1
kk_interval_dirichlet,1e-05,36.0,12,1.0966227112321507,1.0965792157787178,1.0966662080653506,12,0,1
kk_interval_dirichlet,1e-05,36.0,13,1.2870085985988438,1.2869486897338902,1.2870685096942598,13,0,1
kk_interval_dirichlet,1e-05,36.0,14,1.492625356954872,1.4925447767193418,1.4927059406700744,14,0,1
kk_interval_dirichlet,1e-05,36.0,15,1.7134729863002354,1.7133667971762634,1.713579180688454,15,0,1
kk_interval_dirichlet,1e-05,36.0,16,1.9495514866349348,1.9494140212196385,1.949688959804365,16,0,1
kk_interval_dirichlet,1e-05,36.0,17,2.2008608579589697,2.20068566864029,2.2010360584341235,17,0,1
kk_interval_dirichlet,1e-05,36.0,18,2.4674011002723395,2.4671809089069257,2.467621307357441,18,0,1
kk_interval_dirichlet,1e-05,36.0,19,2.7491722135750445,2.7488988611712557,2.749445587722539,19,0,1
kk_interval_dirichlet,1e-05,36.0,20,3.046174197867086,3.045838594267991,3.046509831046146,20,0,1
kk_interval_dirichlet,1e-05,36.0,21,3.3584070531484627,3.357999126718937,3.358815019217587,21,0,1
kk_interval_dirichlet,1e-05,36.0,22,3.685870779419173,3.685379426737086,3.6863621845028756,22,0,1
kk_interval_dirichlet,1e-05,36.0,23,4.028565376679221,4.027978412229174,4.029152409547262,23,0,1
kk_interval_dirichlet,1e-05,36.0,24,4.386490844928603,4.385794950799266,4.387186827378818,24,0,1
kk_interval_dirichlet,1e-05,36.0,25,4.7596471841673225,4.758827859753865,4.760466621413545,25,0,1
kk_interval_dirichlet,1e-05,36.0,26,5.148034394395375,5.14707590610243,5.148993025455874,26,0,1
kk_interval_dirichlet,1e-05,36.0,27,5.551652475612764,5.550537806565558,5.552767323706855,27,0,1
kk_interval_dirichlet,1e-05,36.0,28,5.970501427819488,5.969212227577032,5.97179085076619,28,0,1
kk_interval_dirichlet,1e-05,36.0,29,6.404581251015549,6.4030977852874,6.406064991635806,29,0,1
kk_interval_dirichlet,1e-05,36.0,30,6.8538919452009415,6.852193045571653,6.855591181727521,30,0,1
kk_circle_periodic,0.1,12.0,1,0.2741556778080377,0.27415295930995853,0.2741583963278747,1,0,2
kk_circle_periodic,0.1,12.0,2,1.0966227112321507,1.0965792157787178,1.0966662080653506,2,0,2
kk_circle_periodic,0.1,12.0,3,2.4674011002723395,2.4671809089069257,2.467621307357441,3,0,2
kk_circle_periodic,0.1,12.0,4,4.386490844928603,4.385794950799266,4.387186827378818,4,0,2
kk_circle_periodic,0.1,12.0,5,6.853891945200944,6.852193045571653,6.855591181727521,5,0,2
kk_circle_periodic,0.1,12.0,6,9.869604401089358,9.866081716515168,9.873128091554873,6,0,2
kk_circle_periodic,0.1,12.0,7,13.433628212593847,13.427102341017758,13.440156620417474,7,0,2
kk_circle_periodic,0.1,12.0,8,17.54596337971441,17.534831193236528,17.557101216824464,8,0,2
kk_circle_periodic,0.1,12.0,9,22.206609902451056,22.188779494516552,22.224451764452024,9,0,2
kk_circle_periodic,0.1,12.0,10,27.415567780803777,27.38839347155107,27.442763639991384,10,0,2
kk_circle_periodic,0.1,12.0,11,33.17283701477256,33.13305442227437,33.212657778588486,11,0,2
kk_circle_periodic,0.1,12.0,12,39.47841760435743,39.42207878948176,39.534820746832,12,0,2
kk_circle_periodic,0.1,12.0,13,39.47841760435743,39.42207878948176,39.534820746832,0,1,2
kk_circle_periodic,0.1,12.0,14,39.75257328216547,39.69623174879172,39.808979143159874,1,1,4
kk_circle_periodic,0.1,12.0,15,40.57504031558958,40.51865800526048,40.63148695489735,2,1,4
kk_circle_periodic,0.1,12.0,16,41.94581870462977,41.889259698388685,42.00244205418944,3,1,4
kk_circle_periodic,0.1,12.0,17,43.864908449286034,43.807873740281025,43.92200757421082,4,1,4
kk_circle_periodic,0.1,12.0,18,46.332309549558374,46.254718242165325,46.390411928559516,5,1,4
kk_circle_periodic,0.1,12.0,19,46.33230954955838,46.27427183505341,46.41000482323566,13,0,2
kk_circle_periodic,0.1,12.0,20,49.34802200544679,49.28816050599693,49.40794883838687,6,1,4
kk_circle_periodic,0.1,12.0,21,52.91204581695128,52.84918113049952,52.97497736724947,7,1,4
kk_circle_periodic,0.1,12.0,22,53.73451285037539,53.63015976455887,53.839028086161115,14,0,2
kk_circle_periodic,0.1,12.0,23,57.02438098407184,56.95690998271829,57.09192196365646,8,1,4
kk_circle_periodic,0.1,12.0,24,61.685027506808474,61.547525752877675,61.759272511284024,15,0,2
kk_circle_periodic,0.1,12.0,25,61.68502750680849,61.61085828399831,61.82277450911423,9,1,4
kk_circle_periodic,0.1,12.0,26,66.89398538516122,66.81047226103283,66.97758438682338,10,1,4
kk_circle_periodic,0.1,12.0,27,70.18385351885765,70.00587411974544,70.3621940633499,16,0,2
kk_circle_periodic,0.1,12.0,28,72.65125461912999,72.55513321175613,72.74747852542049,11,1,4
kk_circle_periodic,0.1,12.0,29,78.95683520871486,78.84415757896352,79.069641493664,12,1,4
kk_circle_periodic,0.1,12.0,30,79.23099088652292,79.004198406292,79.45830282770602,17,0,2
kk_circle_periodic,0.01,18.0,1,0.12184696791468343,0.12184643092638225,0.12184750490522991,1,0,2
kk_circle_periodic,0.01,18.0,2,0.4873878716587337,0.4873792798887848,0.48739646355034627,2,0,2
kk_circle_periodic,0.01,18.0,3,1.0966227112321507,1.0965792157787178,1.0966662080653506,3,0,2
kk_circle_periodic,0.01,18.0,4,1.9495514866349348,1.9494140212196385,1.949688959804365,4,0,2
kk_circle_periodic,0.01,18.0,5,3.046174197867086,3.045838594267991,3.046509831046146,5,0,2
kk_circle_periodic,0.01,18.0,6,4.386490844928603,4.385794950799266,4.387186827378818,6,0,2
kk_circle_periodic,0.01,18.0,7,5.970501427819488,5.969212227577032,5.97179085076619,7,0,2
kk_circle_periodic,0.01,18.0,8,7.798205946539739,7.796006685996247,7.800405703286199,8,0,2
kk_circle_periodic,0.01,18.0,9,9.869604401089358,9.866081716515168,9.873128091554873,9,0,2
kk_circle_periodic,0.01,18.0,10,12.184696791468344,12.179327843763076,12.19006763182193,10,0,2
kk_circle_periodic,0.01,18.0,11,14.743483117676693,14.735622732329944,14.751346855742845,11,0,2
kk_circle_periodic,0.01,18.0,12,17.54596337971441,17.534831193236528,17.557101216824464,12,0,2
kk_circle_periodic,0.01,18.0,13,20.5921375775815,20.576805191083338,20.60747909754091,13,0,2
kk_circle_periodic,0.01,18.0,14,23.88200571127795,23.86138385187951,23.902641817119115,14,0,2
kk_circle_periodic,0.01,18.0,15,27.415567780803766,27.38839347155107,27.442763639991384,15,0,2
kk_circle_periodic,0.01,18.0,16,31.192823786158957,31.15764752512655,31.228031784910815,16,0,2
kk_circle_periodic,0.01,18.0,17,35.213773727343515,35.16894667660199,35.25864643472932,17,0,2
kk_circle_periodic,0.01,18.0,18,39.47841760435743,39.42207878948176,39.534820746832,18,0,2
kk_circle_periodic,0.01,18.0,19,39.47841760435743,39.42207878948176,39.534820746832,0,1,2
kk_circle_periodic,0.01,18.0,20,39.60026457227212,39.54392522040814,39.65666825173723,1,1,4
kk_circle_periodic,0.01,18.0,21,39.965805476016165,39.909458069370544,40.022217210382344,2,1,4
kk_circle_periodic,0.01,18.0,22,40.57504031558958,40.51865800526048,40.63148695489735,3,1,4
kk_circle_periodic,0.01,18.0,23,41.42796909099237,41.3714928107014,41.48450970663636,4,1,4
kk_circle_periodic,0.01,18.0,24,42.52459180222452,42.46791738374975,42.58133057787814,5,1,4
kk_circle_periodic,0.01,18.0,25,43.864908449286034,43.807873740281025,43.92200757421082,6,1,4
kk_circle_periodic,0.01,18.0,26,43.98675541720071,43.916818937998244,44.05678086422838,19,0,2
kk_circle_periodic,0.01,18.0,27,45.44891903217692,45.39129101705879,45.50661159759819,7,1,4
kk_circle_periodic,0.01,18.0,28,47.27662355089717,47.218085475478006,47.3352264501182,8,1,4
kk_circle_periodic,0.01,18.0,29,48.738787165873376,48.652929419007876,48.82476592729494,20,0,2
kk_circle_periodic,0.01,18.0,30,49.34802200544679,49.28816050599693,49.40794883838687,9,1,4
kk_circle_periodic,0.001,24.0,1,0.06853891945200942,0.06853874954532557,0.06853908935894534,1,0,2
kk_circle_periodic,0.001,24.0,2,0.2741556778080377,0.27415295930995853,0.2741583963278747,2,0,2
kk_circle_periodic,0.001,24.0,3,0.6168502750680849,0.6168365127392121,0.6168640376424105,3,0,2
kk_circle_periodic,0.001,24.0,4,1.0966227112321507,1.0965792157787178,1.0966662080653506,4,0,2
kk_circle_periodic,0.001,24.0,5,1.713472986300236,1.7133667971762634,1.713579180688454,5,0,2
kk_circle_periodic,0.001,24.0,6,2.4674011002723395,2.4671809089069257,2.467621307357441,6,0,2
kk_circle_periodic,0.001,24.0,7,3.3584070531484618,3.357999126718937,3.358815019217587,7,0,2
kk_circle_periodic,0.001,24.0,8,4.386490844928603,4.385794950799266,4.387186827378818,8,0,2
kk_circle_periodic,0.001,24.0,9,5.551652475612764,5.550537806565558,5.552767323706855,9,0,2
kk_circle_periodic,0.001,24.0,10,6.853891945200944,6.852193045571653,6.855591181727521,10,0,2
kk_circle_periodic,0.001,24.0,11,8.29320925369314,8.290721946540486,8.29569715765788,11,0,2
kk_circle_periodic,0.001,24.0,12,9.869604401089358,9.866081716515168,9.873128091554873,12,0,2
kk_circle_periodic,0.001,24.0,13,11.583077387389595,11.578225492132844,11.587930908585887,13,0,2
kk_circle_periodic,0.001,24.0,14,13.433628212593847,13.427102341017758,13.440156620417474,14,0,2
kk_circle_periodic,0.001,24.0,15,15.421256876702119,15.412657263297092,15.42986032672565,15,0,2
kk_circle_periodic,0.001,24.0,16,17.54596337971441,17.534831193236528,17.557101216824464,16,0,2
kk_circle_periodic,0.001,24.0,17,19.80774772163073,19.793561000998068,19.82194257141514,17,0,2
kk_circle_periodic,0.001,24.0,18,22.206609902451056,22.188779494516552,22.224451764452024,18,0,2
kk_circle_periodic,0.001,24.0,19,24.7425499221754,24.720415421501002,24.76470026513114,19,0,2
kk_circle_periodic,0.001,24.0,20,27.415567780803777,27.38839347155107,27.442763639991384,20,0,2
kk_circle_periodic,0.001,24.0,21,30.22566347833616,30.192634278400362,30.258721555139825,21,0,2
kk_circle_periodic,0.001,24.0,22,33.17283701477256,33.13305442227437,33.212657778588486,22,0,2
kk_circle_periodic,0.001,24.0,23,36.25708839011298,36.209566432375254,36.30466018271458,23,0,2
kk_circle_periodic,0.001,24.0,24,39.47841760435743,39.42207878948176,39.534820746832,24,0,2
kk_circle_periodic,0.001,24.0,25,39.47841760435743,39.42207878948176,39.534820746832,0,1,2
kk_circle_periodic,0.001,24.0,26,39.54695652380944,39.490617539027085,39.60335983619094,1,1,4
kk_circle_periodic,0.001,24.0,27,39.75257328216547,39.69623174879172,39.808979143159874,2,1,4
kk_circle_periodic,0.001,24.0,28,40.09526787942551,40.03891530222097,40.151684784474405,3,1,4
kk_circle_periodic,0.001,24.0,29,40.57504031558958,40.51865800526048,40.63148695489735,4,1,4
kk_circle_periodic,0.001,24.0,30,41.19189059065767,41.13544558665802,41.24839992752045,5,1,4
kk_circle_periodic,0.0001,30.0,1,0.04386490844928603,0.04386483885548387,0.04386497804314252,1,0,2
kk_circle_periodic,0.0001,30.0,2,0.17545963379714413,0.17545852029860498,0.17546074730114347,2,0,2
kk_circle_periodic,0.0001,30.0,3,0.3947841760435743,0.3947785389757428,0.3947898131760935,3,0,2
kk_circle_periodic,0.0001,30.0,4,0.7018385351885765,0.7018207193490298,0.7018563513896413,4,0,2
kk_circle_periodic,0.0001,30.0,5,1.0966227112321507,1.0965792157787178,1.0966662080653506,5,0,2
kk_circle_periodic,0.0001,30.0,6,1.5791367041742972,1.5790465126321465,1.5792268998376473,6,0,2
kk_circle_periodic,0.0001,30.0,7,2.1493805140150157,2.149213424426989,2.149547613995019,7,0,2
kk_circle_periodic,0.0001,30.0,8,2.807354140754306,2.807069096006728,2.8076392086554085,8,0,2
kk_circle_periodic,0.0001,30.0,9,3.553057584392169,3.5526010027488724,3.553514212974299,9,0,2
kk_circle_periodic,0.0001,30.0,10,4.386490844928603,4.385794950799266,4.387186827378818,10,0,2
kk_circle_periodic,0.0001,30.0,11,5.307653922363609,5.306635077347323,5.308672923842682,11,0,2
kk_circle_periodic,0.0001,30.0,12,6.316546816697189,6.3151038509237765,6.3179900461835246,12,0,2
kk_circle_periodic,0.0001,30.0,13,7.413169527929342,7.411182071736789,7.415157410398468,13,0,2
kk_circle_periodic,0.0001,30.0,14,8.597522056060063,8.594848872037232,8.600195905028672,14,0,2
kk_circle_periodic,0.0001,30.0,15,9.869604401089354,9.866081716515168,9.873128091554873,15,0,2
kk_circle_periodic,0.0001,30.0,16,11.229416563017224,11.224856402730097,11.233978204826492,16,0,2
kk_circle_periodic,0.0001,30.0,17,12.676958541843666,12.671147061569854,12.682772153519046,17,0,2
kk_circle_periodic,0.0001,30.0,18,14.212230337568675,14.204926157746343,14.21953752062813,18,0,2
kk_circle_periodic,0.0001,30.0,19,15.835231950192258,15.826164490315307,15.844303563987049,19,0,2
kk_circle_periodic,0.0001,30.0,20,17.54596337971441,17.534831193236528,17.557101216824464,20,0,2
kk_circle_periodic,0.0001,30.0,21,19.34442462613514,19.33089373595857,19.357963088346114,21,0,2
kk_circle_periodic,0.0001,30.0,22,21.230615689454435,21.214317924039847,21.24692346435238,22,0,2
kk_circle_periodic,0.0001,30.0,23,23.20453656967231,23.185067899798867,23.224018307884407,23,0,2
kk_circle_periodic,0.0001,30.0,24,25.266187266788755,25.24310614299668,25.28928525990179,24,0,2
kk_circle_periodic,0.0001,30.0,25,27.415567780803777,27.38839347155107,27.442763639991384,25,0,2
kk_circle_periodic,0.0001,30.0,26,29.652678111717368,29.620889042285,29.68449444710952,26,0,2
kk_circle_periodic,0.0001,30.0,27,31.977518259529518,31.940550351699642,32.01452036034802,27,0,2
kk_circle_periodic,0.0001,30.0,28,34.39008822424025,34.3473332367883,34.43288573974021,28,0,2
kk_circle_periodic,0.0001,30.0,29,36.890388005849566,36.84119187587339,36.93963662708893,29,0,2
kk_circle_periodic,0.0001,30.0,30,39.47841760435742,39.42207878948176,39.534820746832,30,0,2
kk_circle_periodic,1e-05,36.0,1,0.030461741978670857,0.03046170841662388,0.03046177554030186,1,0,2
kk_circle_periodic,1e-05,36.0,2,0.12184696791468343,0.12184643092638225,0.12184750490522991,2,0,2
kk_circle_periodic,1e-05,36.0,3,0.2741556778080377,0.27415295930995853,0.2741583963278747,3,0,2
kk_circle_periodic,1e-05,36.0,4,0.4873878716587337,0.4873792798887848,0.48739646355034627,4,0,2
kk_circle_periodic,1e-05,36.0,5,0.7615435494667715,0.7615225735485751,0.7615645258473054,5,0,2
kk_circle_periodic,1e-05,36.0,6,1.0966227112321507,1.0965792157787178,1.0966662080653506,6,0,2
kk_circle_periodic,1e-05,36.0,7,1.492625356954872,1.4925447767193418,1.4927059406700744,7,0,2
kk_circle_periodic,1e-05,36.0,8,1.9495514866349348,1.9494140212196385,1.949688959804365,8,0,2
kk_circle_periodic,1e-05,36.0,9,2.4674011002723395,2.4671809089069257,2.467621307357441,9,0,2
kk_circle_periodic,1e-05,36.0,10,3.046174197867086,3.045838594267991,3.046509831046146,10,0,2
kk_circle_periodic,1e-05,36.0,11,3.685870779419173,3.685379426737086,3.6863621845028756,11,0,2
kk_circle_periodic,1e-05,36.0,12,4.386490844928603,4.385794950799266,4.387186827378818,12,0,2
kk_circle_periodic,1e-05,36.0,13,5.148034394395375,5.14707590610243,5.148993025455874,13,0,2
kk_circle_periodic,1e-05,36.0,14,5.970501427819488,5.969212227577032,5.97179085076619,14,0,2
kk_circle_periodic,1e-05,36.0,15,6.8538919452009415,6.852193045571653,6.855591181727521,15,0,2
kk_circle_periodic,1e-05,36.0,16,7.798205946539739,7.796006685996247,7.800405703286199,16,0,2
kk_circle_periodic,1e-05,36.0,17,8.803443431835879,8.800640670475616,8.80624690707028,17,0,2
kk_circle_periodic,1e-05,36.0,18,9.869604401089358,9.866081716515168,9.873128091554873,18,0,2
kk_circle_periodic,1e-05,36.0,19,10.996688854300178,10.992315737676392,11.001063362237149,19,0,2
kk_circle_periodic,1e-05,36.0,20,12.184696791468344,12.179327843763076,12.19006763182193,20,0,2
kk_circle_periodic,1e-05,36.0,21,13.43362821259385,13.427102341017758,13.440156620417474,21,0,2
kk_circle_periodic,1e-05,36.0,22,14.743483117676693,14.735622732329944,14.751346855742845,22,0,2
kk_circle_periodic,1e-05,36.0,23,16.114261506716883,16.104871717453534,16.12365567334442,23,0,2
kk_circle_periodic,1e-05,36.0,24,17.54596337971441,17.534831193236528,17.557101216824464,24,0,2
kk_circle_periodic,1e-05,36.0,25,19.03858873666929,19.02548225385891,19.051702438077765,25,0,2
kk_circle_periodic,1e-05,36.0,26,20.5921375775815,20.576805191083338,20.60747909754091,26,0,2
kk_circle_periodic,1e-05,36.0,27,22.206609902451056,22.188779494516552,22.224451764452024,27,0,2
kk_circle_periodic,1e-05,36.0,28,23.88200571127795,23.86138385187951,23.902641817119115,28,0,2
kk_circle_periodic,1e-05,36.0,29,25.618325004062196,25.59459614928926,25.642071443199846,29,0,2
kk_circle_periodic,1e-05,36.0,30,27.415567780803766,27.38839347155107,27.442763639991384,30,0,2
transverse_contaminated,0.1,12.0,1,0.06853891945200942,0.06853874954532557,0.06853908935894534,1,0,1
transverse_contaminated,0.1,12.0,2,0.2741556778080377,0.27415295930995853,0.2741583963278747,2,0,1
transverse_contaminated,0.1,12.0,3,0.6168502750680849,0.6168365127392121,0.6168640376424105,3,0,1
transverse_contaminated,0.1,12.0,4,0.6168502750680849,0.6168365127392121,0.6168640376424105,0,1,1
transverse_contaminated,0.1,12.0,5,0.6853891945200943,0.6853752622845377,0.6854031270013559,1,1,1
transverse_contaminated,0.1,12.0,6,0.8910059528761225,0.8909894720491707,0.8910224339702852,2,1,1
transverse_contaminated,0.1,12.0,7,1.0966227112321507,1.0965792157787178,1.0966662080653506,4,0,1
transverse_contaminated,0.1,12.0,8,1.2337005501361697,1.2336730254784243,1.233728075284821,3,1,1
transverse_contaminated,0.1,12.0,9,1.7134729863002356,1.7133667971762634,1.7135302457077612,4,1,1
transverse_contaminated,0.1,12.0,10,1.713472986300236,1.71341572851793,1.713579180688454,5,0,1
transverse_contaminated,0.1,12.0,11,2.3303232613683207,2.3302033099154755,2.3304432183308643,5,1,1
transverse_contaminated,0.1,12.0,12,2.4674011002723395,2.4671809089069257,2.467621307357441,6,0,1
transverse_contaminated,0.1,12.0,13,2.4674011002723395,2.4671809089069257,2.467621307357441,0,2,1
transverse_contaminated,0.1,12.0,14,2.535940019724349,2.5357196584522512,2.5361603967163866,1,2,1
transverse_contaminated,0.1,12.0,15,2.741556778080377,2.741333868216884,2.741779703685316,2,2,1
transverse_contaminated,0.1,12.0,16,3.0842513753404246,3.084017421646138,3.0844853449998517,6,1,1
transverse_contaminated,0.1,12.0,17,3.0842513753404246,3.084017421646138,3.0844853449998517,3,2,1
transverse_contaminated,0.1,12.0,18,3.3584070531484618,3.357999126718937,3.358815019217587,7,0,1
transverse_contaminated,0.1,12.0,19,3.56402381150449,3.5637601246856434,3.5642875154227918,4,2,1
transverse_contaminated,0.1,12.0,20,3.9752573282165464,3.974835639458149,3.9756790568599976,7,1,1
transverse_contaminated,0.1,12.0,21,4.180874086572576,4.180547706083189,4.181200488045895,5,2,1
transverse_contaminated,0.1,12.0,22,4.386490844928603,4.385794950799266,4.387186827378818,8,0,1
transverse_contaminated,0.1,12.0,23,4.934802200544679,4.934361817813851,4.935242614714882,6,2,1
transverse_contaminated,0.1,12.0,24,5.003341119996688,5.002631463538478,5.004050865021228,8,1,1
transverse_contaminated,0.1,12.0,25,5.551652475612764,5.550537806565558,5.552767323706855,9,0,1
transverse_contaminated,0.1,12.0,26,5.551652475612764,5.550537806565558,5.552767323706855,0,3,1
transverse_contaminated,0.1,12.0,27,5.620191395064774,5.619076556110883,5.621306413065801,1,3,1
transverse_contaminated,0.1,12.0,28,5.825808153420802,5.824690765875516,5.826436326575028,7,2,1
transverse_contaminated,0.1,12.0,29,5.825808153420802,5.825180035625863,5.82692572003473,2,3,1
transverse_contaminated,0.1,12.0,30,6.168502750680849,6.16737431930477,6.169631361349266,9,1,1
transverse_contaminated,0.01,18.0,1,0.030461741978670857,0.03046170841662388,0.03046177554030186,1,0,1
transverse_contaminated,0.01,18.0,2,0.12184696791468343,0.12184643092638225,0.12184750490522991,2,0,1
transverse_contaminated,0.01,18.0,3,0.2741556778080377,0.27415295930995853,0.2741583963278747,3,0,1
transverse_contaminated,0.01,18.0,4,0.2741556778080377,0.27415295930995853,0.2741583963278747,0,1,1
transverse_contaminated,0.01,18.0,5,0.30461741978670853,0.3046146677265824,0.3046201718681766,1,1,1
transverse_contaminated,0.01,18.0,6,0.3960026457227211,0.3959993902363408,0.39600590123310464,2,1,1
transverse_contaminated,0.01,18.0,7,0.4873878716587337,0.4873792798887848,0.48739646355034627,4,0,1
transverse_contaminated,0.01,18.0,8,0.5483113556160754,0.5483059186199171,0.5483167926557494,3,1,1
transverse_contaminated,0.01,18.0,9,0.7615435494667714,0.7615225735485751,0.7615548598782209,4,1,1
transverse_contaminated,0.01,18.0,10,0.7615435494667715,0.7615322391987434,0.7615645258473054,5,0,1
transverse_contaminated,0.01,18.0,11,1.0356992272748091,1.0356755328585336,1.03572292217518,5,1,1
transverse_contaminated,0.01,18.0,12,1.0966227112321507,1.0965792157787178,1.0966662080653506,6,0,1
transverse_contaminated,0.01,18.0,13,1.0966227112321507,1.0965792157787178,1.0966662080653506,0,2,1
transverse_contaminated,0.01,18.0,14,1.1270844532108215,1.1270409241953416,1.1271279836056525,1,2,1
transverse_contaminated,0.01,18.0,15,1.2184696791468341,1.2184256467051,1.2185137129705805,2,2,1
transverse_contaminated,0.01,18.0,16,1.3707783890401883,1.3707321750886763,1.3708246043932253,6,1,1
transverse_contaminated,0.01,18.0,17,1.3707783890401883,1.3707321750886763,1.3708246043932253,3,2,1
transverse_contaminated,0.01,18.0,18,1.492625356954872,1.4925447767193418,1.4927059406700744,7,0,1
transverse_contaminated,0.01,18.0,19,1.5840105828908844,1.5839584956675026,1.584062671615697,4,2,1
transverse_contaminated,0.01,18.0,20,1.7667810347629096,1.7666977360293004,1.766864336997949,7,1,1
transverse_contaminated,0.01,18.0,21,1.8581662606989222,1.8581017893272929,1.858230733912656,5,2,1
transverse_contaminated,0.01,18.0,22,1.9495514866349348,1.9494140212196385,1.949688959804365,8,0,1
transverse_contaminated,0.01,18.0,23,2.1932454224643014,2.1931584315574355,2.1933324161307013,6,2,1
transverse_contaminated,0.01,18.0,24,2.2237071644429727,2.223566980529597,2.22384735613224,8,1,1
transverse_contaminated,0.01,18.0,25,2.4674011002723395,2.4671809089069257,2.467621307357441,9,0,1
transverse_contaminated,0.01,18.0,26,2.4674011002723395,2.4671809089069257,2.467621307357441,0,3,1
transverse_contaminated,0.01,18.0,27,2.4978628422510103,2.4976426173235495,2.498083082897743,1,3,1
transverse_contaminated,0.01,18.0,28,2.5892480681870227,2.589027339833308,2.589372148735425,7,2,1
transverse_contaminated,0.01,18.0,29,2.589248068187023,2.5891239924980596,2.589468812262671,2,3,1
transverse_contaminated,0.01,18.0,30,2.741556778080377,2.741333868216884,2.741779703685316,9,1,1
transverse_contaminated,0.001,24.0,1,0.017134729863002355,0.01713471924398391,0.017134740482335147,1,0,1
transverse_contaminated,0.001,24.0,2,0.06853891945200942,0.06853874954532557,0.06853908935894534,2,0,1
transverse_contaminated,0.001,24.0,3,0.15421256876702122,0.15421170861577593,0.154213428922226,3,0,1
transverse_contaminated,0.001,24.0,4,0.15421256876702122,0.15421170861577593,0.154213428922226,0,1,1
transverse_contaminated,0.001,24.0,5,0.17134729863002357,0.17134642785975984,0.17134816940456116,1,1,1
transverse_contaminated,0.001,24.0,6,0.22275148821903062,0.2227504581611015,0.22275251828117135,2,1,1
transverse_contaminated,0.001,24.0,7,0.2741556778080377,0.27415295930995853,0.2741583963278747,4,0,1
transverse_contaminated,0.001,24.0,8,0.30842513753404244,0.30842341723155187,0.308426857844452,3,1,1
transverse_contaminated,0.001,24.0,9,0.4283682465750589,0.4283616096315086,0.4283718252501007,4,1,1
transverse_contaminated,0.001,24.0,10,0.428368246575059,0.42836466792573447,0.4283748836010301,5,0,1
transverse_contaminated,0.001,24.0,11,0.5825808153420802,0.5825733182472845,0.582588312523256,5,1,1
transverse_contaminated,0.001,24.0,12,0.6168502750680849,0.6168365127392121,0.6168640376424105,6,0,1
transverse_contaminated,0.001,24.0,13,0.6168502750680849,0.6168365127392121,0.6168640376424105,0,2,1
transverse_contaminated,0.001,24.0,14,0.6339850049310872,0.633971231983196,0.6339987781247456,1,2,1
transverse_contaminated,0.001,24.0,15,0.6853891945200943,0.6853752622845377,0.6854031270013559,2,2,1
transverse_contaminated,0.001,24.0,16,0.7710628438351061,0.7710482213549881,0.7710774665646365,6,1,1
transverse_contaminated,0.001,24.0,17,0.7710628438351061,0.7710482213549881,0.7710774665646365,3,2,1
transverse_contaminated,0.001,24.0,18,0.8396017632871154,0.8395762669562146,0.8396272602375213,7,0,1
transverse_contaminated,0.001,24.0,19,0.8910059528761225,0.8909894720491707,0.8910224339702852,4,2,1
transverse_contaminated,0.001,24.0,20,0.9938143320541366,0.9937879755719905,0.9938406891597473,7,1,1
transverse_contaminated,0.001,24.0,21,1.045218521643144,1.0451981223707207,1.0452389212434405,5,2,1
transverse_contaminated,0.001,24.0,22,1.0966227112321507,1.0965792157787178,1.0966662080653506,8,0,1
transverse_contaminated,0.001,24.0,23,1.2337005501361697,1.2336730254784243,1.233728075284821,6,2,1
transverse_contaminated,0.001,24.0,24,1.250835279999172,1.2507909243944937,1.2508796369875768,8,1,1
transverse_contaminated,0.001,24.0,25,1.387913118903191,1.3878434478908162,1.3879827927132014,9,0,1
transverse_contaminated,0.001,24.0,26,1.387913118903191,1.3878434478908162,1.3879827927132014,0,3,1
transverse_contaminated,0.001,24.0,27,1.4050478487661935,1.4049781671348,1.4051175331955366,1,3,1
transverse_contaminated,0.001,24.0,28,1.4564520383552004,1.4563821974361417,1.4564912978799318,7,2,1
transverse_contaminated,0.001,24.0,29,1.4564520383552004,1.4564127796954267,1.4565218820721466,2,3,1
transverse_contaminated,0.001,24.0,30,1.5421256876702123,1.542055156506592,1.5421962216354275,9,1,1
transverse_contaminated,0.0001,30.0,1,0.010966227112321508,0.010966222762760935,0.010966231461989603,1,0,1
transverse_contaminated,0.0001,30.0,2,0.04386490844928603,0.04386483885548387,0.04386497804314252,2,0,1
transverse_contaminated,0.0001,30.0,3,0.09869604401089357,0.09869569169251236,0.09869639633003431,3,0,1
transverse_contaminated,0.0001,30.0,4,0.09869604401089357,0.09869569169251236,0.09869639633003431,0,1,1
transverse_contaminated,0.0001,30.0,5,0.10966227112321508,0.10966191445527329,0.10966262779202392,1,1,1
transverse_contaminated,0.0001,30.0,6,0.1425609524601796,0.14256053054799622,0.14256137437317684,2,1,1
transverse_contaminated,0.0001,30.0,7,0.17545963379714413,0.17545852029860498,0.17546074730114347,4,0,1
transverse_contaminated,0.0001,30.0,8,0.19739208802178715,0.1973913833850247,0.19739279266006862,3,1,1
transverse_contaminated,0.0001,30.0,9,0.2741556778080377,0.27415295930995853,0.27415714363117777,5,0,1
transverse_contaminated,0.0001,30.0,10,0.27415567780803773,0.27415421199111734,0.2741583963278747,4,1,1
transverse_contaminated,0.0001,30.0,11,0.3728517218189312,0.3728486510024709,0.372854792657909,5,1,1
transverse_contaminated,0.0001,30.0,12,0.3947841760435743,0.3947785389757428,0.3947898131760935,6,0,1
transverse_contaminated,0.0001,30.0,13,0.3947841760435743,0.3947785389757428,0.3947898131760935,0,2,1
transverse_contaminated,0.0001,30.0,14,0.40575040315589583,0.4057447617385037,0.4057560446380831,1,2,1
transverse_contaminated,0.0001,30.0,15,0.43864908449286033,0.43864337783122664,0.43865479121923606,2,2,1
transverse_contaminated,0.0001,30.0,16,0.4934802200544679,0.49347423066825513,0.4934862095061278,6,1,1
transverse_contaminated,0.0001,30.0,17,0.4934802200544679,0.49347423066825513,0.4934862095061278,3,2,1
transverse_contaminated,0.0001,30.0,18,0.5373451285037539,0.53733468516117,0.5373555720091956,7,0,1
transverse_contaminated,0.0001,30.0,19,0.5702438098407184,0.5702370592743478,0.570250560477237,4,2,1
transverse_contaminated,0.0001,30.0,20,0.6360411725146475,0.6360303768536824,0.63605196833923,7,1,1
transverse_contaminated,0.0001,30.0,21,0.668939853851612,0.6689314982857013,0.6689482095039683,5,2,1
transverse_contaminated,0.0001,30.0,22,0.7018385351885765,0.7018207193490298,0.7018563513896413,8,0,1
transverse_contaminated,0.0001,30.0,23,0.7895683520871486,0.7895570779514856,0.789579626352187,6,2,1
transverse_contaminated,0.0001,30.0,24,0.8005345791994701,0.8005164110415421,0.8005527477196757,8,1,1
transverse_contaminated,0.0001,30.0,25,0.8882643960980422,0.8882358586453165,0.8882929342845824,9,0,1
transverse_contaminated,0.0001,30.0,26,0.8882643960980422,0.8882358586453165,0.8882929342845824,0,3,1
transverse_contaminated,0.0001,30.0,27,0.8992306232103637,0.8992020814080774,0.899259165746572,1,3,1
transverse_contaminated,0.0001,30.0,28,0.9321293045473282,0.9321006975008004,0.9321453851852891,7,2,1
transverse_contaminated,0.0001,30.0,29,0.9321293045473282,0.9321132241369128,0.9321579123277249,2,3,1
transverse_contaminated,0.0001,30.0,30,0.9869604401089358,0.9869315503378289,0.9869893306146168,9,1,1
transverse_contaminated,1e-05,36.0,1,0.007615435494667714,0.007615433397234028,0.007615437592463903,1,0,1
transverse_contaminated,1e-05,36.0,2,0.030461741978670857,0.03046170841662388,0.03046177554030186,2,0,1
transverse_contaminated,1e-05,36.0,3,0.06853891945200942,0.06853874954532557,0.06853908935894534,3,0,1
transverse_contaminated,1e-05,36.0,4,0.06853891945200942,0.06853874954532557,0.06853908935894534,0,1,1
transverse_contaminated,1e-05,36.0,5,0.07615435494667713,0.0761541829425596,0.07615452695140924,1,1,1
transverse_contaminated,1e-05,36.0,6,0.09900066143068027,0.09900045796194945,0.0990008648992472,2,1,1
transverse_contaminated,1e-05,36.0,7,0.12184696791468343,0.12184643092638225,0.12184750490522991,4,0,1
transverse_contaminated,1e-05,36.0,8,0.13707783890401884,0.13707749909065114,0.1370781787178907,3,1,1
transverse_contaminated,1e-05,36.0,9,0.19038588736669285,0.19038457636077055,0.19038659426417526,4,1,1
transverse_contaminated,1e-05,36.0,10,0.19038588736669287,0.19038518047170783,0.1903871983794416,5,0,1
transverse_contaminated,1e-05,36.0,11,0.2589248068187023,0.2589233259060961,0.25892628773838694,5,1,1
transverse_contaminated,1e-05,36.0,12,0.2741556778080377,0.27415295930995853,0.2741583963278747,6,0,1
transverse_contaminated,1e-05,36.0,13,0.2741556778080377,0.27415295930995853,0.2741583963278747,0,2,1
transverse_contaminated,1e-05,36.0,14,0.2817711133027054,0.28176839270719256,0.2817738339203386,1,2,1
transverse_contaminated,1e-05,36.0,15,0.30461741978670853,0.3046146677265824,0.3046201718681766,2,2,1
transverse_contaminated,1e-05,36.0,16,0.3426945972600471,0.3426917088552841,0.34269748568682,6,1,1
transverse_contaminated,1e-05,36.0,17,0.3426945972600471,0.3426917088552841,0.34269748568682,3,2,1
transverse_contaminated,1e-05,36.0,18,0.373156339238718,0.37315130289232457,0.3731613756392509,7,0,1
transverse_contaminated,1e-05,36.0,19,0.3960026457227211,0.3959993902363408,0.39600590123310464,4,2,1
transverse_contaminated,1e-05,36.0,20,0.4416952586907274,0.44169005243765014,0.44170046499819626,7,1,1
transverse_contaminated,1e-05,36.0,21,0.46454156517473055,0.4645375356707291,0.46454559470731627,5,2,1
transverse_contaminated,1e-05,36.0,22,0.4873878716587337,0.4873792798887848,0.48739646355034627,8,0,1
transverse_contaminated,1e-05,36.0,23,0.5483113556160754,0.5483059186199171,0.5483167926557494,6,2,1
transverse_contaminated,1e-05,36.0,24,0.5559267911107432,0.5559180294341104,0.5559355529092916,8,1,1
transverse_contaminated,1e-05,36.0,25,0.6168502750680849,0.6168365127392121,0.6168640376424105,9,0,1
transverse_contaminated,1e-05,36.0,26,0.6168502750680849,0.6168365127392121,0.6168640376424105,0,3,1
transverse_contaminated,1e-05,36.0,27,0.6244657105627526,0.6244519461364462,0.6244794752348743,1,3,1
transverse_contaminated,1e-05,36.0,28,0.6473120170467557,0.647298221155836,0.6473197719671255,7,2,1
transverse_contaminated,1e-05,36.0,29,0.6473120170467558,0.6473042622022831,0.6473258131827123,2,3,1
transverse_contaminated,1e-05,36.0,30,0.6853891945200943,0.6853752622845377,0.6854031270013559,9,1,1
cheeger_tunneling,0.1,4.0,1,,0.16406154767508704,0.1640616598170136,,,1
cheeger_tunneling,0.1,4.0,2,,3.9563571660121077,3.9564223869264064,,,1
cheeger_tunneling,0.1,4.0,3,,4.607401625104735,4.6074900774188094,,,1
cheeger_tunneling,0.1,4.0,4,,13.24839871145846,13.249130085457228,,,1
cheeger_tunneling,0.1,4.0,5,,16.294819720066812,16.29592613331489,,,1
cheeger_tunneling,0.1,4.0,6,,22.86457429486437,22.866752788896232,,,1
cheeger_tunneling,0.1,4.0,7,,32.67303404520098,32.67748268064108,,,1
cheeger_tunneling,0.1,4.0,8,,38.53176301358107,38.53795024342905,,,1
cheeger_tunneling,0.1,4.0,9,,53.67625552928804,53.68826296646826,,,1
cheeger_tunneling,0.1,4.0,10,,60.04795291565026,60.062980661630505,,,1
cheeger_tunneling,0.1,4.0,11,,79.5743716176481,79.60076403756453,,,1
cheeger_tunneling,0.1,4.0,12,,89.03617130742674,89.06921456511319,,,1
cheeger_tunneling,0.1,4.0,13,,106.02267993072246,106.06953733325511,,,1
cheeger_tunneling,0.1,4.0,14,,123.83669807113367,123.9006290911158,,,1
cheeger_tunneling,0.1,4.0,15,,137.8607742871697,137.94000977281667,,,1
cheeger_tunneling,0.1,4.0,16,,162.1213397235852,162.2309276207953,,,1
cheeger_tunneling,0.1,4.0,17,,176.45871699959133,176.58855278902445,,,1
cheeger_tunneling,0.1,4.0,18,,205.27632132458177,205.45204816063534,,,1
cheeger_tunneling,0.1,4.0,19,,221.6033738895017,221.80817989374535,,,1
cheeger_tunneling,0.1,4.0,20,,250.21194888121408,250.4730795369273,,,1
cheeger_tunneling,0.1,4.0,21,,274.1444426995085,274.45794737045765,,,1
cheeger_tunneling,0.1,4.0,22,,298.0154131851687,298.3859282088549,,,1
cheeger_tunneling,0.1,4.0,23,,330.4658463659462,330.9215057638034,,,1
cheeger_tunneling,0.1,4.0,24,,353.4701699755705,353.99152599583675,,,1
cheeger_tunneling,0.1,4.0,25,,390.6714059875762,391.30837679480567,,,1
cheeger_tunneling,0.1,4.0,26,,414.845022098093,415.56333201330125,,,1
cheeger_tunneling,0.1,4.0,27,,454.41693268996636,455.27895964147126,,,1
cheeger_tunneling,0.1,4.0,28,,483.8999936428466,484.8776281477687,,,1
cheeger_tunneling,0.1,4.0,29,,519.2754103172322,520.4013754746386,,,1
cheeger_tunneling,0.1,4.0,30,,558.5208646843773,559.823669684634,,,1
cheeger_tunneling,0.01,4.0,1,,0.02417547413313595,0.02417547657743352,,,1
cheeger_tunneling,0.01,4.0,2,,4.281196730117669,4.281273100831849,,,1
cheeger_tunneling,0.01,4.0,3,,4.35936871309444,4.359447898268686,,,1
cheeger_tunneling,0.01,4.0,4,,16.08478251887902,16.085860592091993,,,1
cheeger_tunneling,0.01,4.0,5,,16.393692594802374,16.394812476107642,,,1
cheeger_tunneling,0.01,4.0,6,,30.541759126041722,30.545646283418737,,,1
cheeger_tunneling,0.01,4.0,7,,33.88035576095193,33.885139263345,,,1
cheeger_tunneling,0.01,4.0,8,,37.888102857163005,37.894085086295995,,,1
cheeger_tunneling,0.01,4.0,9,,56.8758888451416,56.889370651469314,,,1
cheeger_tunneling,0.01,4.0,10,,58.17776581493726,58.191871952864375,,,1
cheeger_tunneling,0.01,4.0,11,,87.22184106151694,87.25355112554999,,,1
cheeger_tunneling,0.01,4.0,12,,88.67879861444102,88.71157709810988,,,1
cheeger_tunneling,0.01,4.0,13,,121.0477235863874,121.10880669203962,,,1
cheeger_tunneling,0.01,4.0,14,,125.79638065880631,125.86235161004072,,,1
cheeger_tunneling,0.01,4.0,15,,142.86240673495075,142.94749766642158,,,1
cheeger_tunneling,0.01,4.0,16,,167.69617111997172,167.81342807558823,,,1
cheeger_tunneling,0.01,4.0,17,,172.60603859169797,172.73026478650013,,,1
cheeger_tunneling,0.01,4.0,18,,216.100532282224,216.29528864474358,,,1
cheeger_tunneling,0.01,4.0,19,,219.61973343773457,219.82088762416745,,,1
cheeger_tunneling,0.01,4.0,20,,269.4835846971818,269.7865140176075,,,1
cheeger_tunneling,0.01,4.0,21,,275.5777932557997,275.89458667817513,,,1
cheeger_tunneling,0.01,4.0,22,,313.3810673552588,313.7908010893197,,,1
cheeger_tunneling,0.01,4.0,23,,336.79960092624975,337.2729066777909,,,1
cheeger_tunneling,0.01,4.0,24,,350.2288656397305,350.74069695819816,,,1
cheeger_tunneling,0.01,4.0,25,,403.2537314443648,403.9324283567977,,,1
cheeger_tunneling,0.01,4.0,26,,410.35687954030715,411.0597178032357,,,1
cheeger_tunneling,0.01,4.0,27,,475.5516715703227,476.49583152523775,,,1
cheeger_tunneling,0.01,4.0,28,,483.5699163944387,484.5462162831854,,,1
cheeger_tunneling,0.01,4.0,29,,543.9229705258291,545.1584881269562,,,1
cheeger_tunneling,0.01,4.0,30,,563.9733836949767,565.3017801857208,,,1
cheeger_tunneling,0.001,4.0,1,,0.002631491600968901,0.00263149162982139,,,1
cheeger_tunneling,0.001,4.0,2,,4.314213803834792,4.314291357074061,,,1
cheeger_tunneling,0.001,4.0,3,,4.32237134028261,4.322449187076969,,,1
cheeger_tunneling,0.001,4.0,4,,16.368811288066684,16.369927772468102,,,1
cheeger_tunneling,0.001,4.0,5,,16.397916139605815,16.39903659804954,,,1
cheeger_tunneling,0.001,4.0,6,,33.71107151329812,33.71580732992373,,,1
cheeger_tunneling,0.001,4.0,7,,34.03541824825666,34.04024563990493,,,1
cheeger_tunneling,0.001,4.0,8,,38.97685905340789,38.98319006301586,,,1
cheeger_tunneling,0.001,4.0,9,,57.32505765677897,57.338753270692834,,,1
cheeger_tunneling,0.001,4.0,10,,57.49309485778345,57.50687089104134,,,1
cheeger_tunneling,0.001,4.0,11,,88.36468695930819,88.39723360046268,,,1
cheeger_tunneling,0.001,4.0,12,,88.51228299939183,88.54493847710921,,,1
cheeger_tunneling,0.001,4.0,13,,125.69839983644769,125.76426803332271,,,1
cheeger_tunneling,0.001,4.0,14,,126.08845211241868,126.1547298399643,,,1
cheeger_tunneling,0.001,4.0,15,,154.41772421896133,154.51714165799723,,,1
cheeger_tunneling,0.001,4.0,16,,168.69560148242982,168.814260745998,,,1
cheeger_tunneling,0.001,4.0,17,,169.81341423777377,169.93365179445422,,,1
cheeger_tunneling,0.001,4.0,18,,218.24972911891683,218.4483803682679,,,1
cheeger_tunneling,0.001,4.0,19,,218.66419455218136,218.8636013568061,,,1
cheeger_tunneling,0.001,4.0,20,,275.1465843605694,275.46238658886625,,,1
cheeger_tunneling,0.001,4.0,21,,275.6993743371882,276.0164475117012,,,1
cheeger_tunneling,0.001,4.0,22,,334.9421241459101,335.41022002740016,,,1
cheeger_tunneling,0.001,4.0,23,,338.13255310021367,338.60961532409556,,,1
cheeger_tunneling,0.001,4.0,24,,352.2624216376358,352.78021836275786,,,1
cheeger_tunneling,0.001,4.0,25,,406.2890618433666,406.97802317348595,,,1
cheeger_tunneling,0.001,4.0,26,,407.3746569042747,408.06730806935616,,,1
cheeger_tunneling,0.001,4.0,27,,482.06453788130824,483.0347625880006,,,1
cheeger_tunneling,0.001,4.0,28,,482.9087915018864,483.88242098165483,,,1
cheeger_tunneling,0.001,4.0,29,,563.363906832438,564.68943034755,,,1
cheeger_tunneling,0.001,4.0,30,,565.1758062072774,566.5098798659311,,,1
cheeger_tunneling,0.0001,4.0,1,,0.0002662911304466205,0.0002662911422913666,,,1
cheeger_tunneling,0.0001,4.0,2,,4.317491428218069,4.317569099344136,,,1
cheeger_tunneling,0.0001,4.0,3,,4.318312331749716,4.318390032411424,,,1
cheeger_tunneling,0.0001,4.0,4,,16.395223667229246,16.39634375774019,,,1
cheeger_tunneling,0.0001,4.0,5,,16.398108616796485,16.39922910155071,,,1
cheeger_tunneling,0.0001,4.0,6,,34.02067998272248,34.025503194211495,,,1
cheeger_tunneling,0.0001,4.0,7,,34.05132175680198,34.056153661161076,,,1
cheeger_tunneling,0.0001,4.0,8,,39.41569675613026,39.422171140900424,,,1
cheeger_tunneling,0.0001,4.0,9,,57.370807162380935,57.384524647793434,,,1
cheeger_tunneling,0.0001,4.0,10,,57.388404863893506,57.402130766890174,,,1
cheeger_tunneling,0.0001,4.0,11,,88.47379306734229,88.5064201452553,,,1
cheeger_tunneling,0.0001,4.0,12,,88.48857977621302,88.52121776303797,,,1
cheeger_tunneling,0.0001,4.0,13,,126.0811466885537,126.14741673419555,,,1
cheeger_tunneling,0.0001,4.0,14,,126.11838107869183,126.18469028225651,,,1
cheeger_tunneling,0.0001,4.0,15,,157.45271998494457,157.55608512726266,,,1
cheeger_tunneling,0.0001,4.0,16,,168.8013750937949,168.92018325717987,,,1
cheeger_tunneling,0.0001,4.0,17,,168.94620825562487,169.06522045539708,,,1
cheeger_tunneling,0.0001,4.0,18,,218.46627608948194,218.66532191692497,,,1
cheeger_tunneling,0.0001,4.0,19,,218.50898603947923,218.70810973655378,,,1
cheeger_tunneling,0.0001,4.0,20,,275.64887389290584,275.9658308533481,,,1
cheeger_tunneling,0.0001,4.0,21,,275.70283858979565,276.01991973719674,,,1
cheeger_tunneling,0.0001,4.0,22,,337.9900800831932,338.46674008565003,,,1
cheeger_tunneling,0.0001,4.0,23,,338.2786596680678,338.7561345478529,,,1
cheeger_tunneling,0.0001,4.0,24,,354.65546800566983,355.18032902990757,,,1
cheeger_tunneling,0.0001,4.0,25,,406.61309244823417,407.30315409428204,,,1
cheeger_tunneling,0.0001,4.0,26,,406.7326004305745,407.423068113774,,,1
cheeger_tunneling,0.0001,4.0,27,,482.69650037024326,483.6692731430892,,,1
cheeger_tunneling,0.0001,4.0,28,,482.7813287257395,483.7544437805094,,,1
cheeger_tunneling,0.0001,4.0,29,,565.1376548706526,566.4715482135924,,,1
cheeger_tunneling,0.0001,4.0,30,,565.3055096203523,566.6401963911416,,,1
cheeger_tunneling,1e-05,4.0,1,,2.666288227239903e-05,2.6662885077569194e-05,,,1
cheeger_tunneling,1e-05,4.0,2,,4.317818763107544,4.317896446007606,,,1
cheeger_tunneling,1e-05,4.0,3,,4.31790090918384,4.317978595034029,,,1
cheeger_tunneling,1e-05,4.0,4,,16.39783575430058,16.398956201754874,,,1
cheeger_tunneling,1e-05,4.0,5,,16.398123976633237,16.399244463488966,,,1
cheeger_tunneling,1e-05,4.0,6,,34.0498729488544,34.05470444202205,,,1
cheeger_tunneling,1e-05,4.0,7,,34.05291599844327,34.05774835530342,,,1
cheeger_tunneling,1e-05,4.0,8,,39.46911074898046,39.47560269454228,,,1
cheeger_tunneling,1e-05,4.0,9,,57.37538627487468,57.38910595038768,,,1
cheeger_tunneling,1e-05,4.0,10,,57.37715513960558,57.39087566117929,,,1
cheeger_tunneling,1e-05,4.0,11,,88.48459827450367,88.5172333238061,,,1
cheeger_tunneling,1e-05,4.0,12,,88.4860772617701,88.5187134022427,,,1
cheeger_tunneling,1e-05,4.0,13,,126.11766720876386,126.18397566146709,,,1
cheeger_tunneling,1e-05,4.0,14,,126.1213716478511,126.1876839969797,,,1
cheeger_tunneling,1e-05,4.0,15,,157.81994404785206,157.92379206463283,,,1
cheeger_tunneling,1e-05,4.0,16,,168.8120081290472,168.93083126595707,,,1
cheeger_tunneling,1e-05,4.0,17,,168.82700614262282,168.94585040148002,,,1
cheeger_tunneling,1e-05,4.0,18,,218.48784875888936,218.68693391616335,,,1
cheeger_tunneling,1e-05,4.0,19,,218.49213427427205,218.69122724504555,,,1
cheeger_tunneling,1e-05,4.0,20,,275.6975952788044,276.0146643589141,,,1
cheeger_tunneling,1e-05,4.0,21,,275.70297750603027,276.0200589731681,,,1
cheeger_tunneling,1e-05,4.0,22,,338.26497780084344,338.7424140306814,,,1
cheeger_tunneling,1e-05,4.0,23,,338.29340353564385,338.7709200671846,,,1
cheeger_tunneling,1e-05,4.0,24,,355.0027357069572,355.5286258519705,,,1
cheeger_tunneling,1e-05,4.0,25,,406.6456101590143,407.33578227454115,,,1
cheeger_tunneling,1e-05,4.0,26,,406.657697186851,407.3479103667857,,,1
cheeger_tunneling,1e-05,4.0,27,,482.75865748308877,483.73168105361725,,,1
cheeger_tunneling,1e-05,4.0,28,,482.76714518533845,483.74020300541986,,,1
cheeger_tunneling,1e-05,4.0,29,,565.3018586221382,566.6365281326387,,,1
cheeger_tunneling,1e-05,4.0,30,,565.318498864589,566.6532470437252,,,1

